1,Cloud,1,This is the first question!,Choice 1, Choice 2, Choice 3, Choice 4,1
2,Virtualization,2,This is the second question!,Choice 1, Choice 2, Choice 3, Choice 4,2
3,RHEL,3,This is the third question!,Choice 1, Choice 2, Choice 3, Choice 4,"1,2,3,4"
4,Cloud,1,"This is the first question!","Choice 1","Choice 2","Choice 3","Choice 4",1
5,Cloud,1,"This is the first question!","Choice 1","Choice 2","Choice 3","Choice 4",1
6,Cloud,1,"This is the first question!","Choice 1","Choice 2","Choice 3","Choice 4",1
7,Cloud,1,"This is the first question!","Choice 1","Choice 2","Choice 3","Choice 4",1
8,Cloud,1,"This is the first question!","Choice 1","Choice 2","Choice 3","Choice 4",1
9,Cloud,1,"This is the first question!","Choice 1","Choice 2","Choice 3","Choice 4",1
10,Cloud,1,"This is the first question!","Choice 1","Choice 2","Choice 3","Choice 4",1
11,Cloud,1,"This is the first question!","Choice 1","Choice 2","Choice 3","Choice 4",1
12,Cloud,1,"This is the first question!","Choice 1","Choice 2","Choice 3","Choice 4",1
13,Cloud,1,"This is the first question!","Choice 1","Choice 2","Choice 3","Choice 4",1
14,Cloud,1,"This is the first question!","Choice 1","Choice 2","Choice 3","Choice 4",1
15,Cloud,1,"This is the first question!","Choice 1","Choice 2","Choice 3","Choice 4",1
16,Cloud,1,"This is the first question!","Choice 1","Choice 2","Choice 3","Choice 4",1
17,Cloud,1,"This is the first question!","Choice 1","Choice 2","Choice 3","Choice 4",1
18,Cloud,1,"This is the first question!","Choice 1","Choice 2","Choice 3","Choice 4",1
19,Cloud,1,"This is the first question!","Choice 1","Choice 2","Choice 3","Choice 4",1
20,Cloud,1,"This is the first question!","Choice 1","Choice 2","Choice 3","Choice 4",1
21,Cloud,1,"This is the first question!","Choice 1","Choice 2","Choice 3","Choice 4",1
22,Cloud,1,"This is the first question!","Choice 1","Choice 2","Choice 3","Choice 4",1
23,Cloud,1,"This is the first question!","Choice 1","Choice 2","Choice 3","Choice 4",1
24,Cloud,1,"This is the first question!","Choice 1","Choice 2","Choice 3","Choice 4",1
25,Cloud,1,"This is the first question!","Choice 1","Choice 2","Choice 3","Choice 4",1
26,Cloud,1,"This is the first question!","Choice 1","Choice 2","Choice 3","Choice 4",1
27,Cloud,1,"This is the first question!","Choice 1","Choice 2","Choice 3","Choice 4",1
28,Cloud,1,"This is the first question!","Choice 1","Choice 2","Choice 3","Choice 4",1
29,Cloud,1,"This is the first question!","Choice 1","Choice 2","Choice 3","Choice 4",1
30,Cloud,1,"This is the first question!","Choice 1","Choice 2","Choice 3","Choice 4",1
31,Cloud,1,"This is the first question!","Choice 1","Choice 2","Choice 3","Choice 4",1
32,Cloud,1,"This is the first question!","Choice 1","Choice 2","Choice 3","Choice 4",1
33,Cloud,1,"This is the first question!","Choice 1","Choice 2","Choice 3","Choice 4",1
34,Cloud,1,"This is the first question!","Choice 1","Choice 2","Choice 3","Choice 4",1
35,Cloud,1,"This is the first question!","Choice 1","Choice 2","Choice 3","Choice 4",1
36,Cloud,1,"This is the first question!","Choice 1","Choice 2","Choice 3","Choice 4",1
37,Cloud,1,"This is the first question!","Choice 1","Choice 2","Choice 3","Choice 4",1
38,Cloud,1,"This is the first question!","Choice 1","Choice 2","Choice 3","Choice 4",1
39,Cloud,1,"This is the first question!","Choice 1","Choice 2","Choice 3","Choice 4",1
40,Cloud,1,"This is the first question!","Choice 1","Choice 2","Choice 3","Choice 4",1
41,Cloud,1,"This is the first question!","Choice 1","Choice 2","Choice 3","Choice 4",1
42,Cloud,1,"This is the first question!","Choice 1","Choice 2","Choice 3","Choice 4",1
43,Cloud,1,"This is the first question!","Choice 1","Choice 2","Choice 3","Choice 4",1
44,Cloud,1,"This is the first question!","Choice 1","Choice 2","Choice 3","Choice 4",1
45,Cloud,1,"This is the first question!","Choice 1","Choice 2","Choice 3","Choice 4",1
46,Cloud,1,"This is the first question!","Choice 1","Choice 2","Choice 3","Choice 4",1
47,Cloud,1,"This is the first question!","Choice 1","Choice 2","Choice 3","Choice 4",1
48,Cloud,1,"This is the first question!","Choice 1","Choice 2","Choice 3","Choice 4",1
49,Cloud,1,"This is the first question!","Choice 1","Choice 2","Choice 3","Choice 4",1
50,Cloud,1,"This is the first question!","Choice 1","Choice 2","Choice 3","Choice 4",1
51,Cloud,1,"This is the first question!","Choice 1","Choice 2","Choice 3","Choice 4",1
52,Cloud,1,"This is the first question!","Choice 1","Choice 2","Choice 3","Choice 4",1
53,Cloud,1,"This is the first question!","Choice 1","Choice 2","Choice 3","Choice 4",1
54,Cloud,1,"This is the first question!","Choice 1","Choice 2","Choice 3","Choice 4",1
55,Cloud,1,"This is the first question!","Choice 1","Choice 2","Choice 3","Choice 4",1
56,Cloud,1,"This is the first question!","Choice 1","Choice 2","Choice 3","Choice 4",1
57,Cloud,1,"This is the first question!","Choice 1","Choice 2","Choice 3","Choice 4",1
58,Cloud,1,"This is the first question!","Choice 1","Choice 2","Choice 3","Choice 4",1
59,Cloud,1,"This is the first question!","Choice 1","Choice 2","Choice 3","Choice 4",1
60,Cloud,1,"This is the first question!","Choice 1","Choice 2","Choice 3","Choice 4",1
61,Cloud,1,"This is the first question!","Choice 1","Choice 2","Choice 3","Choice 4",1
62,Cloud,1,"This is the first question!","Choice 1","Choice 2","Choice 3","Choice 4",1
63,Cloud,1,"This is the first question!","Choice 1","Choice 2","Choice 3","Choice 4",1
64,Cloud,1,"This is the first question!","Choice 1","Choice 2","Choice 3","Choice 4",1
65,Cloud,1,"This is the first question!","Choice 1","Choice 2","Choice 3","Choice 4",1
66,Cloud,1,"This is the first question!","Choice 1","Choice 2","Choice 3","Choice 4",1
67,Cloud,1,"This is the first question!","Choice 1","Choice 2","Choice 3","Choice 4",1
68,Cloud,1,"This is the first question!","Choice 1","Choice 2","Choice 3","Choice 4",1
69,Cloud,1,"This is the first question!","Choice 1","Choice 2","Choice 3","Choice 4",1
70,Cloud,1,"This is the first question!","Choice 1","Choice 2","Choice 3","Choice 4",1
71,Cloud,1,"This is the first question!","Choice 1","Choice 2","Choice 3","Choice 4",1
72,Cloud,1,"This is the first question!","Choice 1","Choice 2","Choice 3","Choice 4",1
